0,NULL,人形説明
1,れいむ,博麗霊夢の力を持つ人形。空を飛ぶ程度の能力と　霊力を操る程度の能力を持つ。妖怪の力を持つ人形に強い。妖怪の人形を見るとグーで殴りかかる。
2,まりさ,霧雨魔理沙の力を持つ人形。魔法を使う程度の能力を持つ。人の持ち物を持ち去り　自分の住処へ持ち帰る習性をもつ。嫌いな相手には魔法を放つ。
3,シンギョク,シンギョクの力を持つ人形。門を見つけると何があっても守ろうとする。男の子と女の子と陰陽玉がそろって初めて力を発揮する。
4,ユウゲンマガン,ユウゲンマガンの力を持つ人形。大きな眼球から様々な弾幕を放つ。魔界の門あたりをうろうろしていることが多い。
5,エリス,エリスの力を持つ人形。悪魔の力を　魔法のステッキから放つ。コウモリの人形を操ったり　自分がコウモリの人形に変身することもできる。
6,サリエル,サリエルの力を持つ人形。魔界で死の天使の力を自由に振っていることが多い。何を目的として行動しているのか　人形自身もわかっていない。
7,みま,魅魔の力を持つ人形。霊夢の人形が持つ陰陽玉を狙っている。足が無く　幽霊のように浮いているが　自由に足を出すこともできるらしい。
8,キクリ,キクリの力を持つ人形。円盤状の物体から上半身が飛び出している。よく地獄で見かけられるが　幻想郷でも見かけることがある。地獄の神様の力を宿している。
9,コンガラ,コンガラの力を持つ人形。地獄の剣士の力を持ち　刀を使って戦う。仏の人形の一種だが　額の一本角のせいで　鬼の人形と勘違いしやすい。
10,りか,里香の力を持つ人形。オモチャの戦車で戦う。人形自身が戦車を作って戦うこともある。小さいイビルアイΣを見つけたら　彼女の人形が必ずそばにいる。
11,中ボス,封魔録2面中ボス
12,めいら,明羅の力を持つ人形。博麗の力を求めて　霊夢の人形に戦いを挑んでいる。他の人形と違い　常識がありそう。博麗神社周辺で地面に埋まっていることが多い。
13,中ボス,封魔録4面中ボス
14,エレン,エレンの力を持つ人形。ふわふわ頭がチャームポイント。博麗神社近くの魔法専用店で遊んでいる。そばにいる猫の人形の名前はソクラテス。
15,ことひめ,小兎姫の力を持つ人形。変なものをみつけては　収集している。オモチャの手錠で　人妖問わず捕まえてまわっている。
16,カナ,カナ・アナベラルの力を持つ人形。騒霊の力を持つ。外の世界の道路標識に似せたオモチャを持っている。大きな屋敷や博麗神社周辺でよく見かける。
17,りかこ,朝倉理香子の力を持つ人形。すごい魔力を秘めている人形。河童と一緒に何かを作っては壊している。メガネが割れることもしばしば。
18,ちゆり,北白河ちゆりの力を持つ人形。頭は良いはずなのだが　あまり行動に現れない。雑用を任せると意外と手際よく済ませてくれる。夢美の人形によく殴られている。
19,ゆめみ,岡崎夢美の力を持つ人形。とても賢く　人形とは思えない知識を披露することもある。魔法に関連したものに非常に強い興味を持つ。空の人形に興味を持っている。
20,ミミちゃん＆る〜こと,ミミちゃんとる〜ことの力を持つ人形。核の力を内蔵している。それぞれ内部に核が搭載されている。ミミちゃんは魔理沙の　る〜ことは霊夢の人形を探している。
21,オレンジ,オレンジの力を持つ人形。よくいる普通の妖怪。好戦的というわけでもなく　危険度も低い。
22,くるみ,くるみの力を持つ人形。元々は湖の番人をしていた妖怪であった。そのためか　何かを守らせると使命感に燃えるようだ。
23,エリー,エリーの力を持つ人形。大きな鎌がトレードマーク。しばらく闘わないと本来の力を出せなくなってしまうらしい。
24,中ボス,幻想郷4面中ボス
25,ゆうか,風見幽香の力を持つ人形。花を操る程度の能力を持つ。怒らせた時の危険度は非常に高いが　近づかなければ無害。しかし　強い人形を見ると好戦的になる。
26,むげつ,夢月の力を持つ人形。自分のテリトリーに入ったものには容赦しない。幻月の人形と合わせて一人前の実力と言う噂がある。
27,げんげつ,幻月の力を持つ人形。夢月の人形と合わせて一人前の実力と言う噂があるが　闘ったことがある者の証言では非常に強いとも言われる。
28,中ボス,怪綺談1面中ボス
29,サラ,サラの力を持つ人形。魔界へと続く扉の門番をしている。何故か弱く見られがち。闘うこと自体は好きなようだ。
30,ルイズ,ルイズの力を持つ人形。おっとりした性格だが　気に入らない相手には敵意をむき出しにすることもある。人間界のものによく興味を持つ。
31,アリス,アリス・マーガトロイドの力を持つ人形。魔法を扱う程度の能力を持つ。人形を使った魔法を好んで使う。マジックアイテムを蒐集するのが好きなようだ。
32,ユキ,ユキの力を持つ人形。マイの人形と仲が良いようだ。マイの人形がやられると本気をだしちゃうらしい。
33,マイ,マイの力を持つ人形。ユキの人形と仲が良いようだ。ユキの人形がやられると本気を出せるらしい。
34,中ボス,怪綺談5面中ボス
35,ゆめこ,夢子の力を持つ人形。見た目どおりのメイドで　主には忠実に従う。魔界の中では最強クラスの力を持っていると言われる。
36,しんき,神綺の力を持つ人形。魔界の神としての力はある程度発揮できるようだ。人形の状態の魔界の住人を従わせることができるかどうかは不明。
37,ルーミア,ルーミアの力を持つ人形。闇を操る程度の能力を持つ。頭のリボンをほどくと何かが起こる。人間を見つけるとすぐに噛み付く。でも痛くない。
38,だいようせい,大妖精の力を持つ人形。他の妖精人形たちよりも強い力を持つ。よくチルノの人形と一緒に行動している。追いかけると瞬間移動して　逃げる。
39,チルノ,チルノの力を持つ人形。冷気を操る程度の能力を持つ。よく氷の塊を使って遊んでいる。知能がやや低く　罠に引っかかりやすい。
40,めいりん,紅美鈴の力を持つ人形。気を使う程度の能力を持つ。普段は温厚だが　仲間の人形を守る時はすごい力を発揮する。道端で見かけても　だいたい寝ている。
41,こあくま,小悪魔の力を持つ人形。普通の悪魔の人形よりもやや弱い。主に散らかった部屋の整理整頓をしている。パチュリーの人形と行動することが多い。
42,パチュリー,パチュリー・ノーレッジの力を持つ人形。火＋水＋木＋金＋土＋日＋月を操る程度の能力を持つ。運動が苦手だが　色々な魔法を使う。
43,さくや,十六夜咲夜の力を持つ人形。時間を操る程度の能力を持つ。銀のナイフを武器にして戦う。レミリアの人形に従事している。
44,レミリア,レミリア・スカーレットの力を持つ人形。運命を操る程度の能力を持つ。吸血鬼の特性を受け継いでおり　太陽の光が届く場所にはいない。人間の血が好物。
45,フランドール,フランドール・スカーレットの力を持つ人形。ありとあらゆるものを破壊する程度の能力を持つ。レミリアの人形に敵意を向けることがある。
46,レティ,レティ・ホワイトロックの力を持つ人形。寒気を操る程度の能力を持つ。寒い場所か　冬にしか現われない。チルノの人形と仲が良い。
47,ちぇん,橙の力を持つ人形。妖術を扱う程度の能力を持つ。とにかく水が苦手。藍の人形を求めて各地で活動している。
48,リリー,リリーホワイトの力を持つ人形。春が来たことを伝える程度の能力を持つ。春の訪れを伝える為に各地を転々とする。白い衣装以外の服も持っている。
49,リリカ,リリカ・プリズムリバーの力を持つ人形。幻想の音を演奏する程度の能力を持つ。手元の鍵盤楽器で楽しげに演奏している。ルナサ　メルランの人形と常に一緒。
50,メルラン,メルラン・プリズムリバーの力を持つ人形。躁の音を演奏する程度の能力を持つ。強い魔力をトランペットから放出する。ルナサ　リリカの人形と常に一緒。
51,ルナサ,ルナサ・プリズムリバーの力を持つ人形。鬱の音を演奏する程度の能力を持つ。お気に入りのヴァイオリンが力の源。メルラン　リリカの人形と常に一緒。
52,ようむ,魂魄妖夢の力を持つ人形。剣術を扱う程度の能力を持つ。人形のすぐ側には　半身である霊魂がついてまわる。幽々子の人形を守るように行動する。
53,ゆゆこ,西行寺幽々子の力を持つ人形。死を操る程度の能力を持つ。癇癪を起こすと　能力を使って暴れる。桜の木を求めて各地を彷徨う。
54,らん,八雲藍の力を持つ人形。式神を使う程度の能力を持つ。紫の人形を守るように行動する。様々な式神を従えて戦う。
55,ゆかり,八雲紫の能力を持つ人形。あらゆる境界を操る程度の能力を持つ。能力のせいで神出鬼没なところがあり　出会えることは少ない。一日の半分は寝て過ごす。
56,れんこ,宇佐見蓮子の力を持つ人形。星を見ただけで今の時間が分かり　月を見ただけで今居る場所が分かる程度の能力を持つ。メリーの人形とは仲良し。
57,メリー,マエリベリー・ハーンの力を持つ人形。結界が見える程度の能力を持つ。愛称はメリー。蓮子の人形とは仲良し。紫とは何かの関係があるかもしれない。
58,りんのすけ,森近霖之助の力を持つ人形。未知のアイテムの名称と用途がわかる程度の能力を持つ。色々なアイテムを集めて　人形達に売っている。
59,ときこ,香霖堂で静かに本を読んでいる人形。内容を理解しているわけではないが　とにかく本を読む。霊夢の人形とは仲が悪い。
60,リグル,リグル・ナイトバグの力を持つ人形。蟲を操る程度の能力を持つ。幻想郷中の蟲と意思疎通をとれる。森の中で蟲たちと遊んでいる。
61,ミスティア,ミスティア・ローレライの力を持つ人形。歌で人を狂わす程度の能力を持つ。歌声を聴いた生き物の視界を塞ぐことができる。ただ　歌は子供たちに人気。
62,けいね,上白沢慧音の力を持つ人形。歴史を食べる（隠す）程度の能力と　歴史を創る程度の能力。満月の夜には　ハクタクの力が強くなる。妹紅の人形と行動する。
63,てゐ,因幡てゐの能力を持つ人形。人間を幸運にする程度の能力を持つ。近くにいる人間の運気を上げることができる。妖怪に効果はない。迷いの竹林を放浪している。
64,ウドンゲ,鈴仙・優曇華院・イナバの能力を持つ人形。狂気を操る程度の能力を持つ。紅くなった瞳を見た生き物は　気が狂ってしまう。耳が取れていることもある。
65,えいりん,八意永琳の力を持つ人形。あらゆる薬を作る程度の能力を持つ。傷ついた生き物を見つけると　薬草を分け与える。竹林の奥で何かを隠している。
66,かぐや,蓬莱山輝夜の力を持つ人形。永遠と須臾を操る程度の能力を持つ。難題と呼ばれる弾幕で戦う。永琳の人形に守られている。
67,もこう,藤原妹紅の力を持つ人形。老いる事も死ぬ事も無い程度の能力を持つ。人間に危害を加える妖怪には容赦はしない。輝夜の人形とは犬猿の仲。
68,すいか,伊吹萃香の力を持つ人形。密と疎を操る程度の能力を持つ。博麗神社周辺でよく酔いつぶれている。霊夢の人形を探している。
69,サニー,サニーミルクの力を持つ人形。光を屈折させる程度の能力を持つ。能力をよく悪戯に利用しているが　姿を見られると颯爽と逃げてしまう。単独でいるよりも仲間といるほうが好き。
70,ルナ,ルナチャイルドの力を持つ人形。音を消す程度の能力を持つ。昼よりも夜になると活発に活動する。周囲がうるさい時に利用されることが多い。
71,スター,スターサファイアの力を持つ人形。動く物の気配を探る程度の能力を持つ。妖精の中では比較的真面目な性格。鬼ごっこの鬼役としては滅法強い。
72,メディスン,メディスン・メランコリーの力を持つ人形。毒を操る程度の能力を持つ。いつも鈴蘭の花畑で遊んでいる。通りすがった人を毒で操ることもある。
73,あや,射命丸文の力を持つ人形。風を操る程度の能力を持つ。どの人形よりも素早い。スクープになりそうなことを探し　チラシの裏に書き込んでいる。
74,こまち,小野塚小町の力を持つ人形。距離を操る程度の能力を持つ。何があってもマイペースに行動する。三途の川や　その辺の道の距離を操っている。
75,えいき,四季映姫・ヤマザナドゥの力を持つ人形。白黒はっきりつける程度の能力を持つ。人形達が悪戯しているところを見つけ　説教している。小町の人形には特に厳しい。
76,あきゅう,稗田阿求の力を持つ人形。一度見た物を忘れない程度の能力を持つ。目の前で起きたことを記録している。書かれた字は読めたものではない。
77,よりひめ,綿月依姫の力を持つ人形。神霊の依代となる程度の能力を持つ。真面目な性格で　非常に高い戦闘能力を持つ。玉兎の人形には何故か厳しい態度をとる。
78,とよひめ,綿月豊姫の力を持つ人形。海と山を繋ぐ程度の能力を持つ。おっとりとした性格だが　能力は高い。桃とおしゃべりが好きなようだ。
79,ぎょくと,玉兎の力を持つ人形。単体での実力はそこまでないが　数が揃うと厄介。玉兎の人形同士に限って遠距離でも会話ができる。
80,しずは,秋静葉の力を持つ人形。紅葉を司る程度の能力を持つ。紅葉を見つけると喜ぶ。寒くなると活動が低下する。
81,みのりこ,秋穣子の力を持つ人形。豊穣を司る程度の能力を持つ。その体からは果物の甘い香りがする。作物の成長を促進する効果があるといわれる。
82,ひな,鍵山雛の力を持つ人形。厄をため込む程度の能力を持つ。最近不幸なことがあった方にオススメの一品。川に流すと良いことがあると言われる。
83,にとり,河城にとりの力を持つ人形。水を操る程度の能力を持つ。興味を持った物を分解するのが好き。工具一式を持っているため　旅のお供に連れ歩くと便利。
84,もみじ,犬走椛の力を持つ人形。千里先まで見通す程度の能力を持つ。言うことを良く聞き　扱いやすい。危険の察知もしてくれる。
85,さなえ,東風谷早苗の力を持つ人形。奇跡を起こす程度の能力を持つ。まじめな性格だが　融通が利かないことも。蛇と蛙が好き。
86,かなこ,八坂神奈子の力を持つ人形。乾を創造する程度の能力を持つ。とはいえ　人形なので周囲の数メートルの地形に影響する程度の規模。意外と人懐っこい。
87,すわこ,洩矢諏訪子の力を持つ人形。坤を創造する程度の能力を持つ。蛙が好きで　一緒に遊ばせると喜ぶ。基本的に穏やかな性格だが　怒らせると手に負えない。赤く光り始めたら要注意。
88,いく,永江衣玖の力を持つ人形。空気を読む程度の能力を持つ。ゆったりとした見た目同様　性格も穏やか。龍の言葉が聞けると言われている。
89,てんし,比那名居天子の力を持つ人形。大地を操る程度の能力を持つ。狭い範囲ではあるが　地震を起こしたり　地盤を操ることもできる。我侭な性格で　言うことを聞かないことも多い。
90,キスメ,キスメの力を持つ人形。鬼火を落とす程度の能力を持つ。狭いところが好きで　人前に出るのは苦手。連れて歩く際は　姿を見かけないと思ったら頭上に注意。
91,ヤマメ,黒谷ヤマメの力を持つ人形。病気を操る程度の能力を持つ。操る病気の正体は未だ謎が多い。性格は明るく　好戦的。
92,パルスィ,水橋パルスィの力を持つ人形。嫉妬心を操る程度の能力を持つ。嫉妬深く　機嫌を損ねやすい。連れて歩く際は注意。
93,ゆうぎ,星熊勇儀の力を持つ人形。怪力乱神を持つ程度の能力を持つ。手には常にお酒を持っているが　人形が飲めるかは不明。力比べが好き。
94,さとり,古明地さとりの力を持つ人形。心を読む程度の能力を持つ。心が読めても人形なので意思の伝達には限界がある。動物に好かれるため　連れ歩く際は猛獣の出没に注意。
95,りん,火焔猫燐の力を持つ人形。死体を持ち去る程度の能力を持つ。小動物の死骸を集める習性がある。死体や霊との意思伝達ができると言われている。
96,うつほ,霊烏路空の力を持つ人形。核融合を操る程度の能力を持つ。人形なので大きなエネルギーは扱えない。考える事は苦手で　目を離すと何をするかわからない。
97,こいし,古明地こいしの力を持つ人形。無意識を操る程度の能力を持つ。気付いたら隣にいた　手元からいなくなっていたと言う報告が多々ある。見かけたことでさえ忘れてしまうことも多い。
98,ナズーリン,ナズーリンの力を持つ人形。探し物を探し当てる程度の能力を持つ。探しものを見つけてくれることがあり　忘れ物が多い人に重宝される。闘うことよりは逃げる方が得意。
99,こがさ,多々良小傘の力を持つ人形。人間を驚かす程度の能力を持つ。人を驚かすのが好きで　唐突に現れる。傘を開いたら落ちてきた　という報告も。
100,いちりん＆うんざん,雲居一輪の力を持つ人形。入道を使う程度の能力を持つ。真面目な性格で　主人の言うことはよく聞く。一輪と雲山を別々に扱うことはできないようだ。
101,むらさ,村紗水蜜の力を持つ人形。水難事故を引き起こす程度の能力を持つ。船が好きで　見るだけでも喜ぶ。しかし　一緒に乗った船が転覆するという噂もある。
102,しょう,寅丸星の力を持つ人形。財宝が集まる程度の能力を持つ。基本的には冷静沈着で優秀な人形。しかし　物を失くしやすいため　預け物をする際は注意が必要。
103,ひじり,聖白蓮の力を持つ人形。魔法を使う程度の能力を持つ。法力により　人形とは思えないほどの力が出せる。人間が元になった人形だが　妖怪とは仲が良い。
104,ぬえ,封獣ぬえの力を持つ人形。正体を判らなくする程度の能力を持つ。今見ている人形の姿が本来のものか　確かめる術はない。何かの邪魔をされることもあるが　受け入れることが大切。
105,はたて,姫海棠はたての力を持つ人形。念写をする程度の能力を持つ。文の人形と競い合っている。ミニ携帯カメラで　念写をするため　屋外に出ようとしない。
106,かせん,茨木華扇の力を持つ人形。動物を導く能力を持つ。説教好きでふらっと里や神社に現れてはありがたい説教をしてくれる。いつもなにか食べている。
107,きょうこ,幽谷響子の力を持つ人形。音を反射させる程度の能力を持つ。同じ言葉を何度も繰り返そうとする。ミスティアの人形と一緒に歌っている。
108,よしか,宮古芳香の力を持つ人形。何でも喰う程度の能力を持つ。関節を曲げられないので　ぴょんぴょん跳ねて移動する。青娥の人形とよく柔軟体操をしている。
109,せいが,霍青娥の力を持つ人形。壁をすり抜けられる程度の能力を持つ。性格はお世辞にも良いとはいえず　騙されることもしばしば。死んだふりが得意。
110,とじこ,蘇我屠自古の力を持つ人形。雷を起こす程度の能力を持つ。霊のようにふわふわ浮いている。布都の人形と一緒に行動することが多い。やってやんよ。
111,ふと,物部布都の力を持つ人形。風水を操る程度の能力を持つ。神子の人形を探し回っている。お皿を見ては割っている。屠自古の人形と一緒に行動することが多い。
112,みこ,豊聡耳神子の力を持つ人形。十人の話を同時に聞く事が出来る程度の能力を持つ。こちらのして欲しいことをしっかりと察することができる賢い人形。道教の力により　並の人形とは比べ物にならない力が出せる。
113,マミゾウ,二ツ岩マミゾウの力を持つ人形。化けさせる程度の能力を持つ。たびたび化かされるので　その時は笑って許すのが良い。戦闘そのものはそこまで得意というわけではないようだ。
114,こすず,本居小鈴の力を持つ人形。普通には読めない本を読むことができる能力を持つ。無類の妖魔本コレクターであり妖魔本のことになると周りが見えなくなってしまう。
115,こころ,秦こころの力を持つ人形。感情を操る程度の能力を持つ。面を付け替えることで感情を変化させられる。普段は感情をあまり表に出さないが　面のバランスが崩れると感情が暴走する。
116,わかさぎひめ,わかさぎ姫の力を持つ人形。水中だと力が増す程度の能力を持つ。綺麗な石を集めるのが好きで　石をあげるとお礼に素敵な歌声で歌を披露してくれる。
117,せきばんき,赤蛮奇の力を持つ人形。首を飛ばせる程度の能力を持つ。首を飛ばして人を驚かせるのが得意だが飛ばしすぎてよく頭をぶつけてしまう。いたそう。
118,かげろう,今泉影狼の力を持つ人形。満月の夜に狼に変身する程度の能力を持つ。綺麗な髪が自慢で手入れは欠かさない。満月の日は毛深くなってしまうのを気にしている。
119,べんべん,九十九弁々の力を持つ人形。自ら音を発して演奏できる程度の能力を持つ。琵琶の付喪神であり　スピード感のある直線的な曲を好む。八橋の人形とよく競い合っている。
120,やつはし,九十九八橋の力を持つ人形。自ら音を発して演奏できる程度の能力を持つ。琴の付喪神であり　ゆったりとした曲を好む。弁々の人形とよく競い合っている。
121,せいじゃ,鬼人正邪の力を持つ人形。何でもひっくり返す程度の能力を持つ。嘘をついたり人が嫌がることをやっては楽しんでいるやっかいな人形。天邪鬼なので逆のことをやってみるといいかもしれない。
122,しんみょうまる,少名針妙丸の力を持つ人形。打ち出の小槌を扱う程度の能力を持つ。持っている打ち出の小槌で願い事を叶えることが出来るが　小さいためたいした事はできない。
123,らいこ,堀川雷鼓の力を持つ人形。何でもリズムに乗らせる程度の能力を持つ。テンションが上がると雷がでるほどのビートを刻み演奏中は近づくと危険。元が和太鼓なので叩いてあげると喜ぶが叩きすぎには注意。
124,すみれこ,宇佐見董子の力を持つ人形。超能力を操る程度の能力を持つ。能力のほかに　パンダカーや銃で武装している。　他の人形と自分は違うと思っており　群れずに行動している。
125,せいらん,清蘭の力を持つ人形。異次元から弾丸を飛ばす程度の能力を持つ。潜入捜査など調査能力に長ける。じゃんけんが弱いからか貧乏くじを引きやすい。休憩中には餅をついて仲間に提供している。
126,りんご,鈴瑚の力を持つ人形。団子を食べる程に強くなる程度の能力を持つ。地上のことに興味津々。常に団子をもぐもぐしている。清蘭の人形と一緒にいることが多い。
127,ドレミー,ドレミー・スイートの力を持つ人形。夢を喰い　夢を創る程度の能力を持つ。普段は夢の世界に住んでおり　夢見がちな性格である。枕元に置いておくと悪夢を喰べてくれるかもしれない。
128,サグメ,稀神サグメの力を持つ人形。口に出すと事態を逆転させる程度の能力を持つ。頭がよく切れ者。能力の所為で基本は無口。ただし事態が好転しそうなときは饒舌になったりする。
129,クラウンピース,クラウンピースの力を持つ人形。人を狂わす程度の能力。地獄に出現しているがたまに月にもいる。ヘカーティアや純狐の人形と一緒に居ることが多い。知能は低いがテンションは高い。合言葉はイッツルナティックターイム！
130,じゅんこ,純狐の力を持つ人形。純化する程度の能力を持つ。月の民に関係のある人形が嫌いだが　ウドンゲの人形を好いている節がある。自分の能力で恨みが純化し特化しており　恨まれると大変危険である。
131,ヘカーティア,ヘカーティア・ラピスラズリの力を持つ人形。三つの体を持つ程度の能力を持つ。性格は好戦的で　Ｔシャツのセンスが独特。クラウンピースと純狐の人形と行動することが多い。
132,Doll132,
133,Doll133,
134,Doll134,
135,Doll135,
136,Doll136,
137,Doll137,
138,Doll138,
139,Doll139,
140,Doll140,
141,Doll141,
142,Doll142,
143,Doll143,
144,Doll144,
145,Doll145,
146,Doll146,
147,Doll147,
148,Doll148,
149,Doll149,
150,Doll150,
151,Doll151,
152,Doll152,
153,Doll153,
154,Doll154,
155,Doll155,
156,Doll156,
157,Doll157,
158,Doll158,
159,Doll159,
160,Doll160,
161,Doll161,
162,Doll162,
163,Doll163,
164,Doll164,
165,Doll165,
166,Doll166,
167,Doll167,
168,Doll168,
169,Doll169,
170,Doll170,
171,Doll171,
172,Doll172,
173,Doll173,
174,Doll174,
175,Doll175,
176,Doll176,
177,Doll177,
178,Doll178,
179,Doll179,
180,Doll180,
181,Doll181,
182,Doll182,
183,Doll183,
184,Doll184,
185,Doll185,
186,Doll186,
187,Doll187,
188,Doll188,
189,Doll189,
190,Doll190,
191,Doll191,
192,Doll192,
193,Doll193,
194,Doll194,
195,Doll195,
196,Doll196,
197,Doll197,
198,Doll198,
199,Doll199,
200,Doll200,
201,Doll201,
202,Doll202,
203,Doll203,
204,Doll204,
205,Doll205,
206,Doll206,
207,Doll207,
208,Doll208,
209,Doll209,
210,Doll210,
211,Doll211,
212,Doll212,
213,Doll213,
214,Doll214,
215,Doll215,
216,Doll216,
217,Doll217,
218,Doll218,
219,Doll219,
220,Doll220,
221,Doll221,
222,Doll222,
223,Doll223,
224,Doll224,
225,Doll225,
226,Doll226,
227,Doll227,
228,Doll228,
229,Doll229,
230,Doll230,
231,Doll231,
232,Doll232,
233,Doll233,
234,Doll234,
235,Doll235,
236,Doll236,
237,Doll237,
238,Doll238,
239,Doll239,
240,Doll240,
241,Doll241,
242,Doll242,
243,Doll243,
244,Doll244,
245,Doll245,
246,Doll246,
247,Doll247,
248,Doll248,
249,Doll249,
250,Doll250,
251,Doll251,
252,Doll252,
253,Doll253,
254,Doll254,
255,Doll255,
256,Doll256,
257,Doll257,
258,Doll258,
259,Doll259,
260,Doll260,
261,Doll261,
262,Doll262,
263,Doll263,
264,Doll264,
265,Doll265,
266,Doll266,
267,Doll267,
268,Doll268,
269,Doll269,
270,Doll270,
271,Doll271,
272,Doll272,
273,Doll273,
274,Doll274,
275,Doll275,
276,Doll276,
277,Doll277,
278,Doll278,
279,Doll279,
280,Doll280,
281,Doll281,
282,Doll282,
283,Doll283,
284,Doll284,
285,Doll285,
286,Doll286,
287,Doll287,
288,Doll288,
289,Doll289,
290,Doll290,
291,Doll291,
292,Doll292,
293,Doll293,
294,Doll294,
295,Doll295,
296,Doll296,
297,Doll297,
298,Doll298,
299,Doll299,
300,Doll300,
301,Doll301,
302,Doll302,
303,Doll303,
304,Doll304,
305,Doll305,
306,Doll306,
307,Doll307,
308,Doll308,
309,Doll309,
310,Doll310,
311,Doll311,
312,Doll312,
313,Doll313,
314,Doll314,
315,Doll315,
316,Doll316,
317,Doll317,
318,Doll318,
319,Doll319,
320,Doll320,
321,Doll321,
322,Doll322,
323,Doll323,
324,Doll324,
325,Doll325,
326,Doll326,
327,Doll327,
328,Doll328,
329,Doll329,
330,Doll330,
331,Doll331,
332,Doll332,
333,Doll333,
334,Doll334,
335,Doll335,
336,Doll336,
337,Doll337,
338,Doll338,
339,Doll339,
340,Doll340,
341,Doll341,
342,Doll342,
343,Doll343,
344,Doll344,
345,Doll345,
346,Doll346,
347,Doll347,
348,Doll348,
349,Doll349,
350,Doll350,
351,Doll351,
352,Doll352,
353,Doll353,
354,Doll354,
355,Doll355,
356,Doll356,
357,Doll357,
358,Doll358,
359,Doll359,
360,Doll360,
361,Doll361,
362,Doll362,
363,Doll363,
364,Doll364,
365,Doll365,
366,Doll366,
367,Doll367,
368,Doll368,
369,Doll369,
370,Doll370,
371,Doll371,
372,Doll372,
373,Doll373,
374,Doll374,
375,Doll375,
376,Doll376,
377,Doll377,
378,Doll378,
379,Doll379,
380,Doll380,
381,Doll381,
382,Doll382,
383,Doll383,
384,Doll384,
385,Doll385,
386,Doll386,
387,Doll387,
388,Doll388,
389,Doll389,
390,Doll390,
391,Doll391,
392,Doll392,
393,Doll393,
394,Doll394,
395,Doll395,
396,Doll396,
397,Doll397,
398,Doll398,
399,Doll399,
400,Doll400,
401,Doll401,
402,Doll402,
403,Doll403,
404,Doll404,
405,Doll405,
406,Doll406,
407,Doll407,
408,Doll408,
409,Doll409,
410,Doll410,
411,Doll411,
412,Doll412,
413,Doll413,
414,Doll414,
415,Doll415,
416,Doll416,
417,Doll417,
418,Doll418,
419,Doll419,
420,Doll420,
421,Doll421,
422,Doll422,
423,Doll423,
424,Doll424,
425,Doll425,
426,Doll426,
427,Doll427,
428,Doll428,
429,Doll429,
430,Doll430,
431,Doll431,
432,Doll432,
433,Doll433,
434,Doll434,
435,Doll435,
436,Doll436,
437,Doll437,
438,Doll438,
439,Doll439,
440,Doll440,
441,Doll441,
442,Doll442,
443,Doll443,
444,Doll444,
445,Doll445,
446,Doll446,
447,Doll447,
448,Doll448,
449,Doll449,
450,Doll450,
451,Doll451,
452,Doll452,
453,Doll453,
454,Doll454,
455,Doll455,
456,Doll456,
457,Doll457,
458,Doll458,
459,Doll459,
460,Doll460,
461,Doll461,
462,Doll462,
463,Doll463,
464,Doll464,
465,Doll465,
466,Doll466,
467,Doll467,
468,Doll468,
469,Doll469,
470,Doll470,
471,Doll471,
472,Doll472,
473,Doll473,
474,Doll474,
475,Doll475,
476,Doll476,
477,Doll477,
478,Doll478,
479,Doll479,
480,Doll480,
481,Doll481,
482,Doll482,
483,Doll483,
484,Doll484,
485,Doll485,
486,Doll486,
487,Doll487,
488,Doll488,
489,Doll489,
490,Doll490,
491,Doll491,
492,Doll492,
493,Doll493,
494,Doll494,
495,Doll495,
496,Doll496,
497,Doll497,
498,Doll498,
499,Doll499,
500,Doll500,
501,Doll501,
502,Doll502,
503,Doll503,
504,Doll504,
505,Doll505,
506,Doll506,
507,Doll507,
508,Doll508,
509,Doll509,
510,Doll510,
511,Doll511,
