0,NULL,0,ȂB
1,rjhkkOOOP,0,B
2,rjhkkOOOQ,0,B
3,rjhkkOOOR,0,B
4,rjhkkOOOS,0,B
5,rjhkkOOOT,0,B
6,rjhkkOOOU,0,B
7,rjhkkOOOV,0,B
8,rjhkkOOOW,0,B
9,rjhkkOOOX,0,B
10,rjhkkOOPO,0,B
11,,1, go Ȃق З͂オB
12,WXgGC,1, go ֌WȂ 퓬s\ B
13,ό,0,B
14,,1, go  B
15,,1, go ƓɂB
16,SgS,1, Wh ɂ UBg 퓬s\ ȂB
17,t,1, Wh ɂ UBg 퓬s\ ȂB l` g З͂B
18,̎,1,̃XL    XL ׂĎg g悤 ȂB
19,sS,2,P^[ڂ ͂𗭂  Wh グBQ^[ڂ UB
20,I[o[XL,2, ^ _[W R̂P _[W󂯂B
21,XsbgbV,2, ^ _[W ŜP _[W󂯂B
22,ڗ,1,ʏUB
23,A,1, ΂ 搧łB
24,ẗ,2, Ԉُ XL g З͂ {ɂȂBÈŏԂłWeቺȂB
25,w,1,Õ^[  |Ă З͂ {ɂȂB
26,,1, \͕ω  UB
27,ԂꂩԂ,1,ȂB
28,\,1,Q A UB
29,}P,1,搧U  Ђ܂B퓬 o  oȂ ȂB
30,Ց,1, ΂ 搧łB
31,e,1, 搧 UB h䌋E łB
32,e,2,Q`R^[ XL UB̌ B
33,{gA^bN,2,R m  ჏Ԃ B
34,gCGtFNg,2,Q mő Ⴢ Èł | B
35,fXgNV,2,R m  Ђ܂B
36,Ď,2,K U B
37,V_̉,2,Cۂɂ З͂  ςB
38,l_̉,2,nɂ З͂  ςB
39,,2,Q`T A UB
40,₹䖝,0,U 󂯂Ă go K P cBA o s ₷B
41,XE,0,g^[  U ܂ 󂯂ȂBA o s ₷B
42,oAIvV,0,go ŜP g oA oB
43,_~낵,0, SĂ \͂ ǂꂩ P 傫 グB
44,}蓖,0,ő go  B
45,Ȃ_,0,x g i x gƂ łB
46,p[X|bg,0, ^[  ő go  񕜂B
47,̋n,0, ~Ԃ  gB_ XL gB
48,,0,̍ő go  炵  We ő グB
49,Jt[W,0,Jt[W  𗦂 傫 グB
50,ЕX,0, We rq グB
51,ItFT[gX,0, We Ue rq 傫 グ Wh Uh B
52,Ր,0, We Wh  グB
53,ǂ,0,З͂P.T{ 肪 Ƃ XL ɏoB Ȃ sB
54,~,0, ჏Ԃ B
55,i\,0,T l` ւ \ ω ւ l` ̂܂ 󂯌pB
56,A̋C,2,ʏUB
57,Ue,2,P m Ђ܂B
58,z̋C,2,ʏUB
59,gUr[,2,ɗȈꌂ o₷B
60,^ۓV,0, SĂ \͂ ǂꂩ P オB
61,hǋ,0, WhグB
62,ǋ,0, UhグB
63,We,2,ʏUB
64,ZgUe,2,ʏUB
65,I[o[,2,ʏUB
66,ᑬړ,0, We Wh グ rq B
67,IvVL^,0, 퓬s\ɂȂ邪 ƕǂWJB
68,zN,0,Ɠ \͂ɂȂB
69,rjhkkOOUX,0,B
70,rjhkkOOVO,0,B
71,rjhkkOOVP,0,B
72,rjhkkOOVQ,0,B
73,rjhkkOOVR,0,B
74,rjhkkOOVS,0,B
75,rjhkkOOVT,0,B
76,rjhkkOOVU,0,B
77,rjhkkOOVV,0,B
78,rjhkkOOVW,0,B
79,rjhkkOOVX,0,B
80,rjhkkOOWO,0,B
81,rjhkkOOWP,0,B
82,rjhkkOOWQ,0,B
83,rjhkkOOWR,0,B
84,rjhkkOOWS,0,B
85,rjhkkOOWT,0,B
86,rjhkkOOWU,0,B
87,rjhkkOOWV,0,B
88,rjhkkOOWW,0,B
89,rjhkkOOWX,0,B
90,rjhkkOOXO,0,B
91,rjhkkOOXP,0,B
92,rjhkkOOXQ,0,B
93,rjhkkOOXR,0,B
94,rjhkkOOXS,0,B
95,rjhkkOOXT,0,B
96,rjhkkOOXU,0,B
97,rjhkkOOXV,0,B
98,rjhkkOOXW,0,B
99,rjhkkOOXX,0,B
100,rjhkkOPOO,0,B
101,,2, RXg  ق З͂ ȂB
102,,1, ^ _[W R̂P _[W󂯂BP m  ΏԂ B
103,z[[tA,2,T m  ΏԂ B
104,o[XgCN,1,ɗȈꌂ ł₷ P̊m  ΏԂɂB
105,Ή,2,R m  ΏԂ B
106,t@CAWx,1,P m  ΏԂ B
107,CWOT,1, rq グB
108,Ή,1, go ق З͂ B
109,GNXv[W,2,^[  ȂȂB
110,HPCm,2,U  Ue 傫 B
111,CtFm,2,P m  ΏԂ B
112,Α,1,P m  ΏԂ B
113,V̑,1, ΏԂ B
114,̕,2,S`T^[   ߂ UB
115,obNhtg,2,P m  ΏԂ B
116,tbVI[o[,2,R m  ΏԂ B
117,̔g,2,T m  Ue グB
118,t@CAEH[,2,肪 i Ă З͂ P.T{ɂȂ i R₵ gȂB
119,ւ̕,2,S`T^[   ߂ UB
120,sm,0, Ώ ÈŏԂ B
121,e~bg,0, ΏԂ B
122,nu鐝v,0,n 鐝 B
123,t@CA[{[,1,P m  ΏԂ B
124,Β,2,Q m  ΏԂ B
125,ΗV,2,P m  ΏԂ B
126,tA,2,P m  ΏԂ B
127,,2,ʏUB͂PKłȂB
128,CM,0, ΏԂ B
129,rjhkkOPQX,0,B
130,rjhkkOPRO,0,B
131,rjhkkOPRP,0,B
132,rjhkkOPRQ,0,B
133,rjhkkOPRR,0,B
134,rjhkkOPRS,0,B
135,rjhkkOPRT,0,B
136,rjhkkOPRU,0,B
137,rjhkkOPRV,0,B
138,rjhkkOPRW,0,B
139,rjhkkOPRX,0,B
140,rjhkkOPSO,0,B
141,rjhkkOPSP,0,B
142,rjhkkOPSQ,0,B
143,rjhkkOPSR,0,B
144,rjhkkOPSS,0,B
145,rjhkkOPST,0,B
146,rjhkkOPSU,0,B
147,rjhkkOPSV,0,B
148,rjhkkOPSW,0,B
149,rjhkkOPSX,0,B
150,rjhkkOPTO,0,B
151,DrbOEF[u,1,ʏUB
152,ꗎ,1,ʏUB
153,Thtbh,1,ɗȈꌂ o₷B
154,ACXRtB,2,Q m Ђ܂B
155,ANAWx,1,Q m  rq B
156,o[XXvbV,2,肩 XL 󂯂Ă   ΂ XL З͂ Q{ ȂB
157,ANA\jbN,1, ΂ 搧łB
158,ANAJb^[,1, ΂ 搧łB
159,ACX}VK,1,Q`T A UB ΂ 搧łB
160,EH[^[Jm,2, go ق З͂ B
161,ANAuX,2,^[  ȂȂB
162,R[hC,2,P m ~Ԃ B
163,ACXGCW,2,P m  rq B
164,X,1,ʏUB
165,CWB~Xg,2,R m  Ԃ B
166,Ԍ,1,K ɗȈꌂ łB
167,XCVbg,1,̏rq B
168,̃x[,2,T^[   \͂ ȂȂB
169,WJ,2,S`T^[   ߂ UB
170,y~,0, We Wh グ rq B
171,,0, rq 傫 B
172,̕,0,  B
173,΂,0, Ԃ B
174,nuv,0,n  B
175,EH[^[{[,1,ʏUB
176,tXgGbW,1,P m  ~Ԃ B
177,V{,1,ʏUB
178,ፇ,1,P m  rq B
179,,2,ʏUB͂PKłȂB
180,D^,0, rq B
181,rjhkkOPWP,0,B
182,rjhkkOPWQ,0,B
183,rjhkkOPWR,0,B
184,rjhkkOPWS,0,B
185,rjhkkOPWT,0,B
186,rjhkkOPWU,0,B
187,rjhkkOPWV,0,B
188,rjhkkOPWW,0,B
189,rjhkkOPWX,0,B
190,rjhkkOPXO,0,B
191,rjhkkOPXP,0,B
192,rjhkkOPXQ,0,B
193,rjhkkOPXR,0,B
194,rjhkkOPXS,0,B
195,rjhkkOPXT,0,B
196,rjhkkOPXU,0,B
197,rjhkkOPXV,0,B
198,rjhkkOPXW,0,B
199,rjhkkOPXX,0,B
200,rjhkkOQOO,0,B
201,^uvg,1, RXg ق З͂ ȂB
202,[gt[O,2,ʏUB
203,ʞ,1, ^ _[W R̂P _[W󂯂B
204,Q̐,2,P m  Ԃ B
205,Ԓ,1,Q m  We B
206,OXWx,1,P m  Ԃ B
207,p[hC,2,^ _[W  go 񕜂łB
208,I̕,1,Q`T A UB
209,,1,P m  Ԃ B
210,炫,2,U  Ue 傫 B
211,Uؖ앪,2,Q`R^[ XL UB̌ B
212,ʌS,2,P^[ڂ ͂𗭂 Q^[ڂ UBCۂ Ɍ̎ ͂ ߂ gB
213,~XgtHbO,2,P m  Ue B
214,GiW[Au\[u,2,^ _[W  go 񕜂łB
215,ؗt̗,1,K U B
216,Xї,0, SĂ l` ĂԈُ B
217,̐,0,^[ go  񕜂Bgp l` オłȂȂB
218,̒,0, U hBЗ͂̍ U h BA o s ₷B
219,hCV[h,0, go ^[ z  go 񕜂BRɂ ȂB
220,}ǐb,0,ő go  B
221,S̕,0, 퓬s\ɂȂ邪 T oĂ l` Ԉُ go S񕜂B
222,tFA[_X,0, Ue Uh rq グB
223,zCg~Xg,0, Ue Ȃ 傫 グB
224,_̕,0, Wh Ȃ 傫 グB
225,f̉ԕ,0, ~Ԃ BRɂ ȂB
226,d̗ؕ,0, ჏Ԃ B
227,nuv,0,n  B
228,Ӓ̕,0,^[ go  񕜂B
229,pTCg,2,^ _[W  go 񕜂łB
230,Se,1,ɗȈꌂ o₷B
231,܂,1,ʏUB
232,ጎ,1,P m  Ue B
233,R,2,ʏUB͂PKłȂB
234,,0, ŏԂ B
235,rjhkkOQRT,0,B
236,rjhkkOQRU,0,B
237,rjhkkOQRV,0,B
238,rjhkkOQRW,0,B
239,rjhkkOQRX,0,B
240,rjhkkOQSO,0,B
241,rjhkkOQSP,0,B
242,rjhkkOQSQ,0,B
243,rjhkkOQSR,0,B
244,rjhkkOQSS,0,B
245,rjhkkOQST,0,B
246,rjhkkOQSU,0,B
247,rjhkkOQSV,0,B
248,rjhkkOQSW,0,B
249,rjhkkOQSX,0,B
250,rjhkkOQTO,0,B
251,kVn,1, go ֌WȂ 퓬s\ B
252,Vϒn,1,^[  ȂȂB
253,V[eBOvX,2,ʏUB
254,OhxCg,1,ɗȈꌂ o₷B
255,CvY,2,R m  Ђ܂B
256,XN[bN,1,K ɗȈꌂ oB
257,Xg[XpCN,1, rq B
258,o,1,R m   B
259,I̗e,1,Q A UB
260,o̖,1,S`T^[   ߂ UB
261,Η,1,Q`T A UB
262,y΂̍rg,2,P m   B
263,sȒn,2,R m   B
264,WG[Xg[,1,ʏUB
265,R,1, go Ȃ З͂ オB
266,Xg[T[N,1,P m  ׂĂ \͂ オB
267,}Cgbv,0,}Cgbv ݒu  oĂ  l` _[W ^Bdˊ| З͂ オB
268,C۔uv,0,Cۂ  B
269,ǂ낾,1,ʏUB
270,Xg[C,1,Q m  Ђ܂B
271,I,1,  B
272,R,1,P m   B
273,n,2,ʏUB͂PKłȂB
274,n,0, rq 傫 グB
275,nuv,0,n  B
276,n̉,1,P m   B
277,Vnuv,0,Cۂ  n  B
278,rjhkkOQVW,0,B
279,rjhkkOQVX,0,B
280,rjhkkOQWO,0,B
281,rjhkkOQWP,0,B
282,rjhkkOQWQ,0,B
283,rjhkkOQWR,0,B
284,rjhkkOQWS,0,B
285,rjhkkOQWT,0,B
286,rjhkkOQWU,0,B
287,rjhkkOQWV,0,B
288,rjhkkOQWW,0,B
289,rjhkkOQWX,0,B
290,rjhkkOQXO,0,B
291,rjhkkOQXP,0,B
292,rjhkkOQXQ,0,B
293,rjhkkOQXR,0,B
294,rjhkkOQXS,0,B
295,rjhkkOQXT,0,B
296,rjhkkOQXU,0,B
297,rjhkkOQXV,0,B
298,rjhkkOQXW,0,B
299,rjhkkOQXX,0,B
300,rjhkkOROO,0,B
301,,1, RXg ق З͂ ȂB
302,tNV~[,2,̃^[ Ō 󂯂 UXL _[W P.T{ɂ ԂB
303,CpNgxI,1, rq Ⴂق З͂ ȂB
304,StNbV,1,^ _[W  _[W󂯂B
305,e,1,P m  We グB
306,M,1, ^ _[W R̂P _[W󂯂B
307,Zʂ,1,P m  Ђ܂B
308,LOoCg,1,K ɗȈꌂ oB
309,Ԃ̐n,1,K U B
310,,1, ΂ 搧łB
311,XgXbV,1,U ̐ Ă܂B
312,F̉J,2,P m  Ue グB
313,N[C,2,P m  Uh B
314,VFCNMA,1,Q A UB
315,NCbNX[,1,Q`T A UB
316,WV\,0, We  グB
317,V\,0, We 傫 グB
318,ҐiV\,0, We グ rq 傫 グB
319,SǔV\,0, Wh 傫 グB
320,ՎἁX,0, U  悤 B
321,nuՁv,0,n Ղ B
322,XeXgbv,0,XeXgbv ݒu  oĂ  l` _[W ^B e 󂯂B
323,UEbp[,1,ɗȈꌂ o₷B
324,n}[,1,ɗȈꌂ o₷B
325,iCt,1,P m  Uh B
326,^j[h,1,Q m  Ue グB
327,|S,2,ʏUB͂PKłȂB
328,ӐS,0, We グB
329,rjhkkORQX,0,B
330,rjhkkORRO,0,B
331,rjhkkORRP,0,B
332,rjhkkORRQ,0,B
333,rjhkkORRR,0,B
334,rjhkkORRS,0,B
335,rjhkkORRT,0,B
336,rjhkkORRU,0,B
337,rjhkkORRV,0,B
338,rjhkkORRW,0,B
339,rjhkkORRX,0,B
340,rjhkkORSO,0,B
341,rjhkkORSP,0,B
342,rjhkkORSQ,0,B
343,rjhkkORSR,0,B
344,rjhkkORSS,0,B
345,rjhkkORST,0,B
346,rjhkkORSU,0,B
347,rjhkkORSV,0,B
348,rjhkkORSW,0,B
349,rjhkkORSX,0,B
350,rjhkkORTO,0,B
351,z^Ct[,2,P^[ڂ ͂𗭂 Q^[ڂ UBɗȈꌂ ł₷ Ђ܂邱Ƃ B
352,tF[,1, ^ _[W R̂P _[W󂯂B
353,EBhWx,1,P m  Ђ܂B
354,VbNX^v,1,U T l` ЂoBǐl`Ƃ 퓬 IB
355,̕,2, i D ɎgB
356,̗,2,K U B
357,cCX^[,1,Q`T A UB
358,嗳,2,S`T^[   ߂ UB
359,}No[Xg,2,R m  ԂɂB
360,_GACh,2,Q m  Ђ܂B
361,EBhEFCu,2,R m  Ђ܂B
362,,2,P m  ׂĂ \͂ オB
363,X}bVXs,2,U SXL gbv ΂B
364,t,2, ΂ 搧łB
365,_̉,0,S^[   S rq グB
366,˕,0, T l` ЂoBǐl`Ƃ 퓬 IB
367,~܂,0,nʂ ~ ő go  B
368,,0, 𗦂 グB
369,ʓV,0, rq 傫 グB
370,C۔uv,0,Cۂ  B
371,tFU[Vbg,2,ʏUB
372,،͂炵,2,ɗȈꌂ o₷B
373,闒,2,ʏUB
374,ΐ,2,Q m  rq グB
375,,2,ʏUB͂PKłȂB
376,,0, Ue rq グB
377,ė,1,P m  Ђ܂B
378,XsjOGA,2,P m  Ђ܂B
379,VnuÉv,0,Cۂ  n  B
380,rjhkkORWO,0,B
381,rjhkkORWP,0,B
382,rjhkkORWQ,0,B
383,rjhkkORWR,0,B
384,rjhkkORWS,0,B
385,rjhkkORWT,0,B
386,rjhkkORWU,0,B
387,rjhkkORWV,0,B
388,rjhkkORWW,0,B
389,rjhkkORWX,0,B
390,rjhkkORXO,0,B
391,rjhkkORXP,0,B
392,rjhkkORXQ,0,B
393,rjhkkORXR,0,B
394,rjhkkORXS,0,B
395,rjhkkORXT,0,B
396,rjhkkORXU,0,B
397,rjhkkORXV,0,B
398,rjhkkORXW,0,B
399,rjhkkORXX,0,B
400,rjhkkOSOO,0,B
401,g[n}[,1, ^ _[W R̂P _[W󂯂BP m  ჏Ԃ B
402,,1,P m  rq グB
403,Xp[NWx,1,P m  ჏Ԃ B
404,vY}{[,1, ჏Ԃ B
405,CfBOlCg,2,P m  ჏Ԃ B
406,_,2, ჏Ԃ B
407,T_[tH[X,2,P m  ჏Ԃ B
408,_̓,2,R m  ჏Ԃ B
409,d`[WO,2,^ _[W  go 񕜂łB
410,v,1,U Tl` ւB_[W ^Ȃ łȂBǐl`Ƃ 퓬 IB
411,Xp[NNX,2, rq B
412,d,2,V m  Ue グB
413,CgjO`[W,0, ^[ o  XL { B Uh B
414,͎,0,  XL  ɂȂB
415,EF[upCY,0, Ⴢ Ԃ B
416,T_[x[,0, ჏Ԃ B
417,Xp[NVbg,2,P m  ჏Ԃ B
418,{gOCY,2,Q m  ჏Ԃ B
419,,2,P m  ჏Ԃ B
420,GiW[{g,2,P m  ~Ԃ B
421,,2,ʏUB͂PKłȂB
422,,0, ΂ 搧ł  Ђ܂B
423,Mh,1,K ɗȈꌂ łB
424,VbNpCY,0, dԂ Bnɂ ȂB
425,rjhkkOSQT,0,B
426,rjhkkOSQU,0,B
427,rjhkkOSQV,0,B
428,rjhkkOSQW,0,B
429,rjhkkOSQX,0,B
430,rjhkkOSRO,0,B
431,rjhkkOSRP,0,B
432,rjhkkOSRQ,0,B
433,rjhkkOSRR,0,B
434,rjhkkOSRS,0,B
435,rjhkkOSRT,0,B
436,rjhkkOSRU,0,B
437,rjhkkOSRV,0,B
438,rjhkkOSRW,0,B
439,rjhkkOSRX,0,B
440,rjhkkOSSO,0,B
441,rjhkkOSSP,0,B
442,rjhkkOSSQ,0,B
443,rjhkkOSSR,0,B
444,rjhkkOSSS,0,B
445,rjhkkOSST,0,B
446,rjhkkOSSU,0,B
447,rjhkkOSSV,0,B
448,rjhkkOSSW,0,B
449,rjhkkOSSX,0,B
450,rjhkkOSTO,0,B
451,~iXtbNX,2, ^ _[W R̂P _[W󂯂B
452,jׂ̋|,1,P m  Ђ܂B
453,Ag~bNGiW[,2,^ _[W  go 񕜂łB
454,CgWx,1,P m  Ԃ B
455,V̕,2,炩 Cۂ̎ З͂ Q{ɂ Cۂ B
456,I[o[C,2, ΂ 搧łB
457,pX[U[,2,^[  ȂȂB
458,A[NCg,2,U  Ue 傫 B
459,[{E,1,ʏUB
460,X^[tA,1,Q m   B
461,tB[hoA,0,T^[  oA 肩 󂯂 UeXL _[WB
462,tB[hveNg,0,T^[  veNg 肩 󂯂 WeXL _[W B
463,K^̓,0,T^[  ̏  Ԉُ ȂȂB
464,z̉,0, We Ue グB₩ Ɍ̂Ƃ ʂ オB
465,̉,0, Ue Uh グB
466,萯,0, We 傫 B
467,FH,0, | Ԃ B
468,Me,0, Ԃ B
469,C۔uɌv,0,Cۂ Ɍ B
470,CgAbv,2,ɗȈꌂ o₷B
471,GWF_[,2,Q m   B
472,̌,2,ʏUB
473,˃[U[,2,Q m  Ђ܂B
474,,2,ʏUB͂PKłȂB
475,W,0, We グB
476,Vnuv,0,Cۂ Ɍ n Ղ B
477,rjhkkOSVV,0,B
478,rjhkkOSVW,0,B
479,rjhkkOSVX,0,B
480,rjhkkOSWO,0,B
481,rjhkkOSWP,0,B
482,rjhkkOSWQ,0,B
483,rjhkkOSWR,0,B
484,rjhkkOSWS,0,B
485,rjhkkOSWT,0,B
486,rjhkkOSWU,0,B
487,rjhkkOSWV,0,B
488,rjhkkOSWW,0,B
489,rjhkkOSWX,0,B
490,rjhkkOSXO,0,B
491,rjhkkOSXP,0,B
492,rjhkkOSXQ,0,B
493,rjhkkOSXR,0,B
494,rjhkkOSXS,0,B
495,rjhkkOSXT,0,B
496,rjhkkOSXU,0,B
497,rjhkkOSXV,0,B
498,rjhkkOSXW,0,B
499,rjhkkOSXX,0,B
500,rjhkkOTOO,0,B
501,ŃCtFNV,2,ʏUB
502,_[NXtBA,2,Q m  Ђ܂B
503,ubNAEg,1,R m  ÈŏԂ B
504,`FWO,1,U Tl` ւB_[W ^Ȃ łȂBǐl`Ƃ 퓬 IB
505,pjbNR[,2,肪 i Ă З͂ P.T{ɂȂB i ȂĂ܂B
506,XgNCVX,1,炩̒n̎ З͂ Q{ɂ n B
507,_[NA[,1,Q A UB
508,m̈,2,Q`T A UB
509,Í,1,Q`R^[ XL UB̌ B
510,_[NlXXC[c,2,P m  ÈŏԂ B
511,vX̖,1,ɗȈꌂ o₷B
512,̈,2,S`T^[   ߂ UB
513,V[Ng[h,0,  i B
514,ubNz[,0, 퓬 Ȃ B
515,l`̉Ԃ,0, 퓬s\ Ȃ邪 ̂  We Ue 傫 B
516,VhEp[,0, We Wh グB
517,oChgbv,0,oChgbv ݒu  oĂ  rq B
518,Â,0, ÈŏԂ B
519,C۔uZv,0,Cۂ Z B
520,_[N{[,1,P m  ÈŏԂ B
521,lڂ̉el`,1,P m  ÈŏԂ B
522,obh[,1,P m  ÈŏԂ B
523,ubfBXg[,2,P m  Ђ܂B
524,ŕ,2,ʏUB͂PKłȂB
525,A,0,  グB
526,iCgXebv,1,ʏUB
527,NHŋC,0, ł ÈŏԂ B
528,Vnugv,0,Cۂ Z n 鐝 B
529,rjhkkOTQX,0,B
530,rjhkkOTRO,0,B
531,rjhkkOTRP,0,B
532,rjhkkOTRQ,0,B
533,rjhkkOTRR,0,B
534,rjhkkOTRS,0,B
535,rjhkkOTRT,0,B
536,rjhkkOTRU,0,B
537,rjhkkOTRV,0,B
538,rjhkkOTRW,0,B
539,rjhkkOTRX,0,B
540,rjhkkOTSO,0,B
541,rjhkkOTSP,0,B
542,rjhkkOTSQ,0,B
543,rjhkkOTSR,0,B
544,rjhkkOTSS,0,B
545,rjhkkOTST,0,B
546,rjhkkOTSU,0,B
547,rjhkkOTSV,0,B
548,rjhkkOTSW,0,B
549,rjhkkOTSX,0,B
550,rjhkkOTTO,0,B
551,xmm@,1,P m  ŏԂ B
552,_Xg{,1,R m  ŏԂ B
553,Ŗ,1,ɗȈꌂ ł₷ P m  ŏԂ B
554,FmXgCN,1, iĂ gȂBQ m  ŏԂ B
555,|CY{,1,P m  ŏԂ B
556,̉,1,R m  ŏԂ B
557,i]̉t,1, ғŏԂ ɂ З͂ Q{ ȂB
558,lKeBu~Xg,2,K U B \͕ω  ߂B
559,ŁXXpC,2, Uh 傫 B
560,|CYgbv,0,|CYgbv ݒu  oĂ  l` łɂBQg ғ ɂB
561,~AY},0, ғŏԂ Bő l` g KB
562,p[vXbO,2,P m  ŏԂ B
563,wh{[,1,Q m  ғŏԂ B
564,e,1,R m  ŏԂ B
565,ғŃKX,2,Q m  ғŏԂ B
566,ŕ,2,ʏUB͂PKłȂB
567,,0, ŏԂ B
568,ł̑,2,ʏUB
569,JT̉J,2,K U B \͕ω  ߂B
570,XC[gfXy[g,2,U  Ue 傫 B
571,_,0, ł |Ԃ B
572,rjhkkOTVQ,0,B
573,rjhkkOTVR,0,B
574,rjhkkOTVS,0,B
575,rjhkkOTVT,0,B
576,rjhkkOTVU,0,B
577,rjhkkOTVV,0,B
578,rjhkkOTVW,0,B
579,rjhkkOTVX,0,B
580,rjhkkOTWO,0,B
581,rjhkkOTWP,0,B
582,rjhkkOTWQ,0,B
583,rjhkkOTWR,0,B
584,rjhkkOTWS,0,B
585,rjhkkOTWT,0,B
586,rjhkkOTWU,0,B
587,rjhkkOTWV,0,B
588,rjhkkOTWW,0,B
589,rjhkkOTWX,0,B
590,rjhkkOTXO,0,B
591,rjhkkOTXP,0,B
592,rjhkkOTXQ,0,B
593,rjhkkOTXR,0,B
594,rjhkkOTXS,0,B
595,rjhkkOTXT,0,B
596,rjhkkOTXU,0,B
597,rjhkkOTXV,0,B
598,rjhkkOTXW,0,B
599,rjhkkOTXX,0,B
600,rjhkkOUOO,0,B
601,S~bhiCg,1, ^ _[W R̂P _[W󂯂BP m  |Ԃ B
602,Xg[N}[_[,1,x p ̃^[ɍUB ǂ  _[W ^B
603,VhEWx,1,P m  |Ԃ B
604,\EnEh,2,K U B
605,O鮂̗U,2, i ĂȂ _[W Q{ ȂB
606,VhE{,1, ΂ 搧łB
607,JtFbW,2, x   Œ_[W  ^B
608,|^[KCXg,1,P m  |Ԃ B
609,Qs썰,1,ʏUB
610,S[XgEF[u,2,R m  |Ԃ B
611,HyC,1,肪 Ԉُ̎ З͂ Q{ ȂB
612,\EC[g,1,P m  ׂĂ \͂ オB
613,҂̌Ăѐ,0,XL  U 󂯂 퓬s\ Ȃ  퓬s\ B
614,􂢕Ԃ,0,  go 킹    B
615,_̕,0, go㏞  _ Ăъ񂹂B
616,f,0,O Ă XL S^[  gȂB
617,̚},0,肪 Ō g XL ro S 炷B
618,̐,0, |Ԃ B
619,S[XggbN,1,P m  Ԃ B
620,쒍,1,P m  Ԃ B
621,lEH[LO,1,R m  |Ԃ B
622,z[X|bg,1,P m  |Ԃ B
623,,2,ʏUB͂PKłȂB
624,ς݊ ,0, Uh グB
625,̕,1,P m  |Ԃ B
626,,0, XL ȂȂB
627,jł̓,0, Ώ |Ԃ B
628,rjhkkOUQW,0,B
629,rjhkkOUQX,0,B
630,rjhkkOURO,0,B
631,rjhkkOURP,0,B
632,rjhkkOURQ,0,B
633,rjhkkOURR,0,B
634,rjhkkOURS,0,B
635,rjhkkOURT,0,B
636,rjhkkOURU,0,B
637,rjhkkOURV,0,B
638,rjhkkOURW,0,B
639,rjhkkOURX,0,B
640,rjhkkOUSO,0,B
641,rjhkkOUSP,0,B
642,rjhkkOUSQ,0,B
643,rjhkkOUSR,0,B
644,rjhkkOUSS,0,B
645,rjhkkOUST,0,B
646,rjhkkOUSU,0,B
647,rjhkkOUSV,0,B
648,rjhkkOUSW,0,B
649,rjhkkOUSX,0,B
650,rjhkkOUTO,0,B
651,NXJE^[,1,̃^[ Ō 󂯂 WXL _[W Q{ɂ ԂB
652,R,1, RXg ق З͂ ȂB
653,C̋Ɉ,1, x   Œ_[W  ^B
654,O̓,2, go ق З͂ オB
655,^jf,1,^[  ȂȂB
656,eICpNg,1,XL o܂ł U 󂯂 sB
657,̖̌^,1,U O  őgo  _[W 󂯂B
658,΂QRc,1,  B
659,V,1,U  Wh Uh B
660,NXhCu,1,g  rq B
661,_VO\[h,1,ɗȈꌂ o₷B
662,Cto[Xg,2,K U B
663,I[hC,1,^ _[W  go 񕜂łB
664,uCNVbg,1, eoA eveNg j󂷂B
665,ÃgMm,2,肩 XL 󂯂Ă   ΂ XL З͂ Q{ ȂB
666,`[WOX^,1,U T l` ЂoB
667,R[NXN[,1,V m  We オB
668,XgCNVbg,1, ΂ 搧łB
669,V̈ꌂ,2, 퓬s\ Ȃ邪  go _[W ^B
670,MKeBbN,2,P m  Uh B
671,k,2,Q m  Ђ܂B
672,A_[Xebv,1, rq B
673,o,1,Q A UB
674,bVA^bN,1,Q`T A UB
675,_̉,0, ɗ␳ 傫 グB
676,˂,1,ɗȈꌂ o₷B
677,ł,1,ʏUB
678,,1,ʏUB
679,,2,P m  Ue オB
680,,2,ʏUB͂PKłȂB
681,󂯐g,0, Wh グB
682,uCuo[Xg,2,ʏUB
683,V[eBOA[c,1,Q`T A UB
684,rjhkkOUWS,0,B
685,rjhkkOUWT,0,B
686,rjhkkOUWU,0,B
687,rjhkkOUWV,0,B
688,rjhkkOUWW,0,B
689,rjhkkOUWX,0,B
690,rjhkkOUXO,0,B
691,rjhkkOUXP,0,B
692,rjhkkOUXQ,0,B
693,rjhkkOUXR,0,B
694,rjhkkOUXS,0,B
695,rjhkkOUXT,0,B
696,rjhkkOUXU,0,B
697,rjhkkOUXV,0,B
698,rjhkkOUXW,0,B
699,rjhkkOUXX,0,B
700,rjhkkOVOO,0,B
701,Ղ̑㏞,2, \͂ オĂ ق З͂ オB
702,􃋌z,2, e g UB
703,Ae,2,P m  Wh B
704,Xj[LO,1, ΂ 搧ł 肪 oXL UXLłȂ sB
705,~[WGbW,1,ɗȈꌂ o₷B
706,ޗ̉,1,R m  ̐B
707,ZgG̉,1,肪 i Ă З͂ P.T{ɂȂ i R₵ gȂB
708,\,1,uʂ܂ ؂ĂvB
709,CrWun[g,2,K U B
710,Ë,1,  U ł З͂ Q{ ȂB
711,ǔ,1, l` ւ Ƃ XL Ă З͂ {ɂȂB
712,OreBuXg,2, go Ȃق З͂ B
713,,2,̃^[ Ō 󂯂 gUXL _[W Q{ɂ ԂB
714,J^XgtB,2,P m  Uh B
715,fpf~bN,2,  B
716,AmEtA,2,R m  B
717,svcȔg,2, Uhł͂Ȃ Wh _[W eB
718,ReBj[,0,Q^[  ~Ԃ Ȃ go Ԉُ S 񕜂B
719,凋CO,0,ωXL  ˕ԂB
720,Վ̌,0,Ō gꂽ XL  UB
721,AlWA,0, ^[  ~Ԃ B
722,Uu,0,  We Ue \͕ω ւB
723,A^bN~[,0,  We Ue   킯B
724,NX`FW,0,  AreB ւB
725,hu,0,  Wh Uh \͕ω ւB
726,K[h~[,0,  Wh Uh   킯B
727,,0,   ԏ XL  ςB
728,hbyQK[,0,    ɂB
729,C}WlCg,0, We Wh ւB
730,҂̑R,0, Ԉُ  ʂ  B
731,|[bV,0, AreB  ɂB
732,fg,0,\͕ω Ԃ  ɂB
733,̑zN,0, AreB ɂB
734,}ChRg[,0, AreB  ɂB
735,SS̓,0, ~Ԃ B
736,hJ[,0, ~Ԃ B
737,oe,1,ʏUB
738,ʐE,2,R m  Ђ܂B
739,EBIEBXv,2,ʏUB
740,C}Wth,2,P m  Uh B
741,,2,ʏUB͂PKłȂB
742,z,0, We B
743,znVlCV,2,ʏUB
744,[huCN,0, XLQ S^[  gȂB
745,rjhkkOVST,0,B
746,rjhkkOVSU,0,B
747,rjhkkOVSV,0,B
748,rjhkkOVSW,0,B
749,rjhkkOVSX,0,B
750,rjhkkOVTO,0,B
751,to[Xg,2,U  We Wh B
752,nCg[NbV,1,P m  \͂ _ P B
753,_VOC,1,T m  Wh B
754,HATu,2, We B
755,eI[PXg,2,ʏUB
756,EgnCg[,1,P m  \͂ _ P グB
757,nEhmCY,2,T m  Uh B
758,̃fB[,2,K U B
759,߈̐,2, Ue B
760,K,2, \͂ オĂ ق З͂ オB
761,GJbW,0,肪 Ō g XL R^[   B
762,Abvr[g,0,R^[   _[W ^ XL Ȃ ȂB
763,AEe|,0,S \͕ω  ߂B
764,u[CO,0,T l` ЂoB
765,jł̐,0, l` R^[ 퓬s\ ȂBシ ʂ ȂȂB
766,uCu\O,0, Ue 傫 グB
767,,0, Uh 傫 グB
768,nslX_X,0, Wh Uh グB
769,ە,0, Wh 傫 グB
770,fNbVFh,0, We Ue  T l` シBǐl`Ƃ 퓬 IB
771,,0, We 傫 B
772,؂萺,0, Ue 傫 B
773,{,0, Uh 傫 B
774,ʑ],0, \͕ω ]B
775,K,0, Wh 傫 B
776,N[,0,  XL QA ȂȂB
777,qS,0, ~Ԃ B
778,nEO,2,ʏUB
779,ArGg,2,P m  \͂ _ P B
780,\vm{CX,2,ʏUB
781,~,2,P m  \͂ _ P グB
782,,2,ʏUB͂PKłȂB
783,`[jO,0, Ue グB
784,rjhkkOVWS,0,B
785,rjhkkOVWT,0,B
786,rjhkkOVWU,0,B
787,rjhkkOVWV,0,B
788,rjhkkOVWW,0,B
789,rjhkkOVWX,0,B
790,rjhkkOVXO,0,B
791,rjhkkOVXP,0,B
792,rjhkkOVXQ,0,B
793,rjhkkOVXR,0,B
794,rjhkkOVXS,0,B
795,rjhkkOVXT,0,B
796,rjhkkOVXU,0,B
797,rjhkkOVXV,0,B
798,rjhkkOVXW,0,B
799,rjhkkOVXX,0,B
800,rjhkkOWOO,0,B
801,I[o[hCu,2,U  We 傫 B
802,fBXg[V{,1,P m  Wh B
803,f̖H,2, Whł͂Ȃ Uh _[W eB
804,XeX}[_[,1, oAIvV  UłB
805,gbNX^[,1, ΂ 搧łB
806,U,2,P^[ڂ ͂𗭂 Q^[ڂ UBCۂ Z̎ ͂ ߂ gB
807,CXeBNV,2,P m  Uh B
808,ÔȚ,2, Uhł͂Ȃ Wh _[W eB
809,tB[huCN,1, eoA eveNg j󂷂B
810,stgbN,2,h䌋E oAIvV  肪 ωXL gĂ З͂オB
811,~[_[W,2,肩 XL 󂯂Ă   ΂ XL З͂ Q{ ȂB
812,tH[XV[h,0,g^[ hɂȂ E ɂȂ邪 󂯂 _[W ȂBA o s₷B
813,Ggo[X,0, E ]B
814,tB[hVtg,0, oAIvV ǂ ̏ ړB
815,_c,0, Èł Ԃ B
816,C۔uVCJv,0,Cۂ VCJ B
817,c,0,ʏUB͂PKłȂB
818,VnuJv,0,Cۂ VCJ n  B
819,̗,2,K U B
820,rjhkkOWQO,0,B
821,rjhkkOWQP,0,B
822,rjhkkOWQQ,0,B
823,rjhkkOWQR,0,B
824,rjhkkOWQS,0,B
825,rjhkkOWQT,0,B
826,rjhkkOWQU,0,B
827,rjhkkOWQV,0,B
828,rjhkkOWQW,0,B
829,rjhkkOWQX,0,B
830,rjhkkOWRO,0,B
831,rjhkkOWRP,0,B
832,rjhkkOWRQ,0,B
833,rjhkkOWRR,0,B
834,rjhkkOWRS,0,B
835,rjhkkOWRT,0,B
836,rjhkkOWRU,0,B
837,rjhkkOWRV,0,B
838,rjhkkOWRW,0,B
839,rjhkkOWRX,0,B
840,rjhkkOWSO,0,B
841,rjhkkOWSP,0,B
842,rjhkkOWSQ,0,B
843,rjhkkOWSR,0,B
844,rjhkkOWSS,0,B
845,rjhkkOWST,0,B
846,rjhkkOWSU,0,B
847,rjhkkOWSV,0,B
848,rjhkkOWSW,0,B
849,rjhkkOWSX,0,B
850,rjhkkOWTO,0,B
851,rjhkkOWTP,0,B
852,rjhkkOWTQ,0,B
853,rjhkkOWTR,0,B
854,rjhkkOWTS,0,B
855,rjhkkOWTT,0,B
856,rjhkkOWTU,0,B
857,rjhkkOWTV,0,B
858,rjhkkOWTW,0,B
859,rjhkkOWTX,0,B
860,rjhkkOWUO,0,B
861,rjhkkOWUP,0,B
862,rjhkkOWUQ,0,B
863,rjhkkOWUR,0,B
864,rjhkkOWUS,0,B
865,rjhkkOWUT,0,B
866,rjhkkOWUU,0,B
867,rjhkkOWUV,0,B
868,rjhkkOWUW,0,B
869,rjhkkOWUX,0,B
870,rjhkkOWVO,0,B
871,rjhkkOWVP,0,B
872,rjhkkOWVQ,0,B
873,rjhkkOWVR,0,B
874,rjhkkOWVS,0,B
875,rjhkkOWVT,0,B
876,rjhkkOWVU,0,B
877,rjhkkOWVV,0,B
878,rjhkkOWVW,0,B
879,rjhkkOWVX,0,B
880,rjhkkOWWO,0,B
881,rjhkkOWWP,0,B
882,rjhkkOWWQ,0,B
883,rjhkkOWWR,0,B
884,rjhkkOWWS,0,B
885,rjhkkOWWT,0,B
886,rjhkkOWWU,0,B
887,rjhkkOWWV,0,B
888,rjhkkOWWW,0,B
889,rjhkkOWWX,0,B
890,rjhkkOWXO,0,B
891,rjhkkOWXP,0,B
892,rjhkkOWXQ,0,B
893,rjhkkOWXR,0,B
894,rjhkkOWXS,0,B
895,rjhkkOWXT,0,B
896,rjhkkOWXU,0,B
897,rjhkkOWXV,0,B
898,rjhkkOWXW,0,B
899,rjhkkOWXX,0,B
900,rjhkkOXOO,0,B
901,rjhkkOXOP,0,B
902,rjhkkOXOQ,0,B
903,rjhkkOXOR,0,B
904,rjhkkOXOS,0,B
905,rjhkkOXOT,0,B
906,rjhkkOXOU,0,B
907,rjhkkOXOV,0,B
908,rjhkkOXOW,0,B
909,rjhkkOXOX,0,B
910,rjhkkOXPO,0,B
911,rjhkkOXPP,0,B
912,rjhkkOXPQ,0,B
913,rjhkkOXPR,0,B
914,rjhkkOXPS,0,B
915,rjhkkOXPT,0,B
916,rjhkkOXPU,0,B
917,rjhkkOXPV,0,B
918,rjhkkOXPW,0,B
919,rjhkkOXPX,0,B
920,rjhkkOXQO,0,B
921,rjhkkOXQP,0,B
922,rjhkkOXQQ,0,B
923,rjhkkOXQR,0,B
924,rjhkkOXQS,0,B
925,rjhkkOXQT,0,B
926,rjhkkOXQU,0,B
927,rjhkkOXQV,0,B
928,rjhkkOXQW,0,B
929,rjhkkOXQX,0,B
930,rjhkkOXRO,0,B
931,rjhkkOXRP,0,B
932,rjhkkOXRQ,0,B
933,rjhkkOXRR,0,B
934,rjhkkOXRS,0,B
935,rjhkkOXRT,0,B
936,rjhkkOXRU,0,B
937,rjhkkOXRV,0,B
938,rjhkkOXRW,0,B
939,rjhkkOXRX,0,B
940,rjhkkOXSO,0,B
941,rjhkkOXSP,0,B
942,rjhkkOXSQ,0,B
943,rjhkkOXSR,0,B
944,rjhkkOXSS,0,B
945,rjhkkOXST,0,B
946,rjhkkOXSU,0,B
947,rjhkkOXSV,0,B
948,rjhkkOXSW,0,B
949,rjhkkOXSX,0,B
950,rjhkkOXTO,0,B
951,rjhkkOXTP,0,B
952,rjhkkOXTQ,0,B
953,rjhkkOXTR,0,B
954,rjhkkOXTS,0,B
955,rjhkkOXTT,0,B
956,rjhkkOXTU,0,B
957,rjhkkOXTV,0,B
958,rjhkkOXTW,0,B
959,rjhkkOXTX,0,B
960,rjhkkOXUO,0,B
961,rjhkkOXUP,0,B
962,rjhkkOXUQ,0,B
963,rjhkkOXUR,0,B
964,rjhkkOXUS,0,B
965,rjhkkOXUT,0,B
966,rjhkkOXUU,0,B
967,rjhkkOXUV,0,B
968,rjhkkOXUW,0,B
969,rjhkkOXUX,0,B
970,rjhkkOXVO,0,B
971,rjhkkOXVP,0,B
972,rjhkkOXVQ,0,B
973,rjhkkOXVR,0,B
974,rjhkkOXVS,0,B
975,rjhkkOXVT,0,B
976,rjhkkOXVU,0,B
977,rjhkkOXVV,0,B
978,rjhkkOXVW,0,B
979,rjhkkOXVX,0,B
980,rjhkkOXWO,0,B
981,rjhkkOXWP,0,B
982,rjhkkOXWQ,0,B
983,rjhkkOXWR,0,B
984,rjhkkOXWS,0,B
985,rjhkkOXWT,0,B
986,rjhkkOXWU,0,B
987,rjhkkOXWV,0,B
988,rjhkkOXWW,0,B
989,rjhkkOXWX,0,B
990,rjhkkOXXO,0,B
991,rjhkkOXXP,0,B
992,rjhkkOXXQ,0,B
993,rjhkkOXXR,0,B
994,rjhkkOXXS,0,B
995,rjhkkOXXT,0,B
996,rjhkkOXXU,0,B
997,rjhkkOXXV,0,B
998,rjhkkOXXW,0,B
999,rjhkkOXXX,0,B
1000,rjhkkPOOO,0,B
1001,rjhkkPOOP,0,B
1002,rjhkkPOOQ,0,B
1003,rjhkkPOOR,0,B
1004,rjhkkPOOS,0,B
1005,rjhkkPOOT,0,B
1006,rjhkkPOOU,0,B
1007,rjhkkPOOV,0,B
1008,rjhkkPOOW,0,B
1009,rjhkkPOOX,0,B
1010,rjhkkPOPO,0,B
1011,rjhkkPOPP,0,B
1012,rjhkkPOPQ,0,B
1013,rjhkkPOPR,0,B
1014,rjhkkPOPS,0,B
1015,rjhkkPOPT,0,B
1016,rjhkkPOPU,0,B
1017,rjhkkPOPV,0,B
1018,rjhkkPOPW,0,B
1019,rjhkkPOPX,0,B
1020,rjhkkPOQO,0,B
1021,rjhkkPOQP,0,B
1022,rjhkkPOQQ,0,B
1023,_~[,0,_~[
